change_id,date,project,version,sprint,change_type,files_changed,changes_made,project_intent,bugs_fixed,features_added,testing_performed,git_commit_hash,screenshot_reference,video_diary_reference,follow_up_items,notes
MT-0001,2026-07-10,MarketTracker,,,Feature,"EADME.md [Modified]
ui.py [Modified]
project_log_manager.py [Untracked]
project_logs/markettracker_project_log.csv [Untracked]",test run of prog,testing the new log mngr,,,,,,,,
MT-0002,2026-07-10,MarketTracker,0.6,Automatic Tracking Engine,Feature,".gitignore [Project File]
add_asset.py [Project File]
app.py [Project File]
CHANGELOG.md [Project File]
config.py [Project File]
CONTRIBUTING.md [Project File]
data\markettracker.db [Project File]
database.py [Project File]
LICENSE [Project File]
market_service.py [Project File]
portfolio.py [Project File]
project_log_manager.py [Project File]
README.md [Project File]
requirements.txt [Project File]
ROADMAP.md [Project File]
tracker.py [Project File]
ui.py [Project File]
view_snapshots.py [Project File]","Connected the tracking countdown to the market collection system. Automatic Tracking now performs unattended market scans, saves snapshots, refreshes the UI, and repeats at the selected interval until stopped.",Integrating two independently tested systems was much easier than trying to build and debug them simultaneously.,,,,,,,,
MT-019,2026-07-13,MarketTracker,ver 0.7 | 7/13/2026,Sprint 4 - Automatic Tracking Dashboard,Feature,"roject_log_manager.py [Modified]
ui.py [Modified]","Completed the automatic tracking dashboard.

• Connected automatic tracking countdown to the market collection system.
• Progress bar now advances in real time.
• Added Last Scan timestamp.
• Added Next Scan timestamp.
• Countdown updates every second.
• Tracking status now correctly switches between Idle and Running.
• Version information moved into config_version.py for centralized build management.
• Project Log Manager now allows manual editing of Change IDs.","Finish the automatic tracking user experience before beginning data visualization features. Provide clear visual feedback so the user always knows when MarketTracker last scanned the market, when the next scan will occur, and the current progress toward the next collection interval.","• Progress bar was not synchronized with tracking cycle.
• Last Scan field remained blank.
• Next Scan field remained blank.
• Change ID field in Project Log Manager was locked as read-only.","• Live tracking countdown.
• Live progress bar.
• Last Scan timestamp.
• Next Scan timestamp.
• Centralized version configuration.
• Editable Change ID field in Project Log Manager.","• Verified 30-second automatic tracking cycle.
• Confirmed progress bar updates every second.
• Confirmed automatic market fetch occurs at end of countdown.
• Verified snapshot table refreshes automatically.
• Verified Last Scan and Next Scan timestamps update correctly.
• Verified manual Refresh Now continues to function independently.
• Verified Project Log Manager accepts manual Change ID edits.",,,,,
MT-test,2026-07-14,MarketTracker,test,test,Feature,".gitignore [Project File]
add_asset.py [Project File]
app.py [Project File]
CHANGELOG.md [Project File]
config.py [Project File]
config_version.py [Project File]
CONTRIBUTING.md [Project File]
data\markettracker.db [Project File]
database.py [Project File]
LICENSE [Project File]
market_service.py [Project File]
portfolio.py [Project File]
project_log_manager.py [Project File]
README.md [Project File]
requirements.txt [Project File]
ROADMAP.md [Project File]
tracker.py [Project File]
ui.py [Project File]
view_snapshots.py [Project File]",test,test,test,test,test,,,,,
